{
  "dice_mean": 0.8349658250808716,
  "dice_std": 0.057635024189949036,
  "dice_count": 30,
  "iou_mean": 0.7209110260009766,
  "iou_std": 0.08550488203763962,
  "iou_count": 30,
  "centroid_mean": 4.931206226348877,
  "centroid_std": 3.446423053741455,
  "centroid_count": 30,
  "debug_gt_frames": 30.0,
  "debug_pred_frames": 225.0,
  "debug_processed_frames": 225.0,
  "fps": 216.65559631558943
}