{
  "dice_mean": 0.842697024345398,
  "dice_std": 0.04899606853723526,
  "dice_count": 30,
  "iou_mean": 0.7312644124031067,
  "iou_std": 0.0735630989074707,
  "iou_count": 30,
  "centroid_mean": 4.221996784210205,
  "centroid_std": 2.6157639026641846,
  "centroid_count": 30,
  "debug_gt_frames": 30.0,
  "debug_pred_frames": 225.0,
  "debug_processed_frames": 225.0,
  "fps": 211.14177311259976
}