{
  "0": {
    "dice": 0.8446447506833715,
    "iou": 0.7310692976752938,
    "centroid": 0.7611374083974047
  },
  "1": {
    "dice": null,
    "iou": null,
    "centroid": null
  },
  "2": {
    "dice": null,
    "iou": null,
    "centroid": null
  },
  "3": {
    "dice": null,
    "iou": null,
    "centroid": null
  },
  "4": {
    "dice": null,
    "iou": null,
    "centroid": null
  },
  "5": {
    "dice": null,
    "iou": null,
    "centroid": null
  },
  "6": {
    "dice": null,
    "iou": null,
    "centroid": null
  },
  "7": {
    "dice": null,
    "iou": null,
    "centroid": null
  },
  "8": {
    "dice": null,
    "iou": null,
    "centroid": null
  },
  "9": {
    "dice": null,
    "iou": null,
    "centroid": null
  },
  "10": {
    "dice": 0.882609453884073,
    "iou": 0.7898844830503015,
    "centroid": 2.4375637249985878
  },
  "11": {
    "dice": null,
    "iou": null,
    "centroid": null
  },
  "12": {
    "dice": 0.8820286657695647,
    "iou": 0.7889546348491274,
    "centroid": 1.8927144895284043
  },
  "13": {
    "dice": null,
    "iou": null,
    "centroid": null
  },
  "14": {
    "dice": 0.8875974484921902,
    "iou": 0.7979102954133767,
    "centroid": 3.0051200650368997
  },
  "15": {
    "dice": 0.9035719759461027,
    "iou": 0.8241051451834158,
    "centroid": 3.252822118004126
  },
  "16": {
    "dice": null,
    "iou": null,
    "centroid": null
  },
  "17": {
    "dice": null,
    "iou": null,
    "centroid": null
  },
  "18": {
    "dice": null,
    "iou": null,
    "centroid": null
  },
  "19": {
    "dice": 0.904061956550646,
    "iou": 0.8249206804658435,
    "centroid": 3.885805336050015
  },
  "20": {
    "dice": null,
    "iou": null,
    "centroid": null
  },
  "21": {
    "dice": null,
    "iou": null,
    "centroid": null
  },
  "22": {
    "dice": 0.8594899878727554,
    "iou": 0.7536014403500596,
    "centroid": 3.199668935610465
  },
  "23": {
    "dice": null,
    "iou": null,
    "centroid": null
  },
  "24": {
    "dice": null,
    "iou": null,
    "centroid": null
  },
  "25": {
    "dice": null,
    "iou": null,
    "centroid": null
  },
  "26": {
    "dice": null,
    "iou": null,
    "centroid": null
  },
  "27": {
    "dice": null,
    "iou": null,
    "centroid": null
  },
  "28": {
    "dice": null,
    "iou": null,
    "centroid": null
  },
  "29": {
    "dice": 0.7638723346889322,
    "iou": 0.6179558601632834,
    "centroid": 6.096311049653798
  },
  "30": {
    "dice": null,
    "iou": null,
    "centroid": null
  },
  "31": {
    "dice": null,
    "iou": null,
    "centroid": null
  },
  "32": {
    "dice": 0.8192992110036141,
    "iou": 0.693909260194559,
    "centroid": 9.545509628986716
  },
  "33": {
    "dice": null,
    "iou": null,
    "centroid": null
  },
  "34": {
    "dice": 0.9296561352889411,
    "iou": 0.8685583819737253,
    "centroid": 0.7622545640533079
  },
  "35": {
    "dice": null,
    "iou": null,
    "centroid": null
  },
  "36": {
    "dice": null,
    "iou": null,
    "centroid": null
  },
  "37": {
    "dice": null,
    "iou": null,
    "centroid": null
  },
  "38": {
    "dice": null,
    "iou": null,
    "centroid": null
  },
  "39": {
    "dice": null,
    "iou": null,
    "centroid": null
  },
  "40": {
    "dice": null,
    "iou": null,
    "centroid": null
  },
  "41": {
    "dice": 0.9554300061275219,
    "iou": 0.9146634612636227,
    "centroid": 1.880549774285113
  },
  "42": {
    "dice": null,
    "iou": null,
    "centroid": null
  },
  "43": {
    "dice": 0.9251242583092634,
    "iou": 0.8606801906740215,
    "centroid": 2.0303620507604023
  },
  "44": {
    "dice": 0.8483214236418604,
    "iou": 0.7365956448755336,
    "centroid": 2.3627105776286346
  },
  "45": {
    "dice": null,
    "iou": null,
    "centroid": null
  },
  "46": {
    "dice": null,
    "iou": null,
    "centroid": null
  },
  "47": {
    "dice": null,
    "iou": null,
    "centroid": null
  },
  "48": {
    "dice": null,
    "iou": null,
    "centroid": null
  },
  "49": {
    "dice": null,
    "iou": null,
    "centroid": null
  },
  "50": {
    "dice": null,
    "iou": null,
    "centroid": null
  },
  "51": {
    "dice": null,
    "iou": null,
    "centroid": null
  },
  "52": {
    "dice": 0.9103953146544077,
    "iou": 0.8355280836238839,
    "centroid": 0.9182406576269524
  },
  "53": {
    "dice": null,
    "iou": null,
    "centroid": null
  },
  "54": {
    "dice": null,
    "iou": null,
    "centroid": null
  },
  "55": {
    "dice": null,
    "iou": null,
    "centroid": null
  },
  "56": {
    "dice": null,
    "iou": null,
    "centroid": null
  },
  "57": {
    "dice": 0.9183335838594775,
    "iou": 0.8489988874168524,
    "centroid": 2.935209268358071
  },
  "58": {
    "dice": null,
    "iou": null,
    "centroid": null
  },
  "59": {
    "dice": 0.9014864469685971,
    "iou": 0.82064207990962,
    "centroid": 1.5889427349408365
  },
  "60": {
    "dice": 0.932788837683718,
    "iou": 0.874043367068226,
    "centroid": 0.5871935553668537
  },
  "61": {
    "dice": 0.9300602129180082,
    "iou": 0.8692640690131994,
    "centroid": 2.0065329670285204
  },
  "62": {
    "dice": null,
    "iou": null,
    "centroid": null
  },
  "63": {
    "dice": null,
    "iou": null,
    "centroid": null
  },
  "64": {
    "dice": 0.8844525104530471,
    "iou": 0.792841648375043,
    "centroid": 7.11146285536567
  },
  "65": {
    "dice": null,
    "iou": null,
    "centroid": null
  },
  "66": {
    "dice": null,
    "iou": null,
    "centroid": null
  },
  "67": {
    "dice": null,
    "iou": null,
    "centroid": null
  },
  "68": {
    "dice": null,
    "iou": null,
    "centroid": null
  },
  "69": {
    "dice": null,
    "iou": null,
    "centroid": null
  },
  "70": {
    "dice": null,
    "iou": null,
    "centroid": null
  },
  "71": {
    "dice": 0.7860016089050681,
    "iou": 0.6474486413414073,
    "centroid": 4.0193745939054235
  },
  "72": {
    "dice": null,
    "iou": null,
    "centroid": null
  },
  "73": {
    "dice": null,
    "iou": null,
    "centroid": null
  },
  "74": {
    "dice": 0.9431633645756473,
    "iou": 0.8924400734811186,
    "centroid": 2.1858074525429636
  },
  "75": {
    "dice": null,
    "iou": null,
    "centroid": null
  },
  "76": {
    "dice": null,
    "iou": null,
    "centroid": null
  },
  "77": {
    "dice": 0.8144680849908555,
    "iou": 0.6870064607114126,
    "centroid": 4.932672882506805
  },
  "78": {
    "dice": 0.93870752815811,
    "iou": 0.884494663878062,
    "centroid": 2.7699434981366626
  },
  "79": {
    "dice": null,
    "iou": null,
    "centroid": null
  },
  "80": {
    "dice": null,
    "iou": null,
    "centroid": null
  },
  "81": {
    "dice": null,
    "iou": null,
    "centroid": null
  },
  "82": {
    "dice": 0.8158250066411254,
    "iou": 0.6889395665475622,
    "centroid": 2.016385008663418
  },
  "83": {
    "dice": 0.8838873154145346,
    "iou": 0.79193376047224,
    "centroid": 3.9969439186777174
  },
  "84": {
    "dice": null,
    "iou": null,
    "centroid": null
  },
  "85": {
    "dice": 0.8857537186189612,
    "iou": 0.7949353149477194,
    "centroid": 0.6923869436029475
  },
  "86": {
    "dice": 0.8903878582108864,
    "iou": 0.8024316107205218,
    "centroid": 3.0873546892489108
  },
  "87": {
    "dice": 0.8852508259409355,
    "iou": 0.7941255724079425,
    "centroid": 3.1427212586628954
  },
  "88": {
    "dice": 0.8607370133401306,
    "iou": 0.7555209143269627,
    "centroid": 4.8471178146005505
  },
  "89": {
    "dice": 0.8448251247901748,
    "iou": 0.7313395944806378,
    "centroid": 2.39067421368841
  }
}