{
  "dice_mean": 0.8396454453468323,
  "dice_std": 0.04734282195568085,
  "dice_count": 30,
  "iou_mean": 0.7264835238456726,
  "iou_std": 0.07047504931688309,
  "iou_count": 30,
  "centroid_mean": 4.692138671875,
  "centroid_std": 2.819646120071411,
  "centroid_count": 30,
  "debug_gt_frames": 30.0,
  "debug_pred_frames": 225.0,
  "debug_processed_frames": 225.0,
  "fps": 197.06097151680441
}